_first_strike_,51e3b35a-3dd2-4049-bf4e-20b8c50c9cce
jacobtheman69,a6da4ea8-9533-4dc2-b8a5-67b3c57b826c
power_of_w97,1c94211a-c8c4-4b3c-abe9-b14f349253cc
xxxx_will_xxxx,9ee32172-41b6-4284-8189-5705f4de62c0
tax,d058b140-bb37-3366-9c6b-6384956ee08b
glowzzz,d868bd08-2eea-4b2a-9e51-3fc2f49720d2
lumalina,22c9f2ad-5306-468c-ae55-b596f9505a4f
phoney_bologna,d27ef35f-9bf3-4757-ae75-8fa4f696fa53
zpm346,b9211eb6-a8d7-4bfa-85f5-eb121aba0a2b
ericho_hk159,15b8b508-c7af-4cfe-8f30-c5c2f7b8c548
yopis,d47d7f8e-22a4-4ddd-862d-4d57bd8526fc
animeloverlowe,c29bc363-1ebc-4d13-8ea7-62d8bc45689c
momopiie,3e915456-ba73-4398-b265-f54a05a81e26
willfros9,0d7de761-a832-408b-bcae-0f30796b8609
yagada,c45e7627-1047-41f4-9a17-5589c18e2377
yo_momma_87,d15b3759-300d-4dd3-b422-bff6897527ad
